state,times
00,0.002305817436007134
01,0.05221772380769341
10,0.03908799364205693
11,0.8721168806846469
